pre_gained,pre_mins,pre_hours,temp,grad_mean,dur,length,vam,kph,score,pre_score,cat
34,5,0,11.0,5,67,259,698,13.9,1295,0,-
65,7,0,11.0,8,310,795,743,9.2,6360,1295,-
141,12,0,11.0,6,181,536,656,10.6,3216,7655,-
179,15,0,11.0,3,125,613,633,17.6,1839,10871,-
226,19,0,11.0,5,124,421,725,12.2,2105,12710,-
255,21,0,11.0,15,61,146,1357,8.6,2190,14815,-
376,29,0,10.626373626373626,1,90,569,360,22.7,569,17005,-
8,1,0,11.0,8,81,220,844,9.7,1760,0,-
49,4,0,11.0,6,90,271,720,10.8,1626,1760,-
134,13,0,11.0,7,76,286,994,13.5,2002,3386,-
187,17,0,11.0,5,91,369,791,14.5,1845,5388,-
231,20,0,11.0,5,62,278,870,16.1,1390,7233,-
267,22,0,11.0,4,62,319,812,18.5,1276,8623,-
311,26,0,11.0,3,140,677,591,17.4,2031,9899,-
338,28,0,11.0,2,71,293,405,14.8,586,11930,-
375,31,0,10.0,5,78,284,738,13.1,1420,12516,-
407,34,0,10.0,4,86,301,627,12.6,1204,13936,-
425,35,0,10.0,6,80,321,900,14.4,1926,15140,-
451,37,0,10.0,4,197,764,603,13.9,3056,17066,-
488,41,0,10.0,3,295,1084,488,13.2,3252,20122,-
535,46,0,10.0,4,100,368,540,13.2,1472,23374,-
588,53,0,10.0,3,212,982,509,16.6,2946,24846,-
661,66,1,10.0,8,69,186,782,9.7,1488,27792,-
682,67,1,10.0,7,93,303,851,11.7,2121,29280,-
753,74,1,10.0,1,131,740,357,20.3,740,31401,-
806,79,1,10.0,11,174,306,703,6.3,3366,32141,-
843,82,1,10.0,14,91,159,909,6.2,2226,35507,-
868,84,1,10.0,8,111,264,745,8.5,2112,37733,-
914,91,1,10.0,13,490,832,830,6.1,10816,39845,4
1102,106,1,10.0,9,541,1133,712,7.5,10197,50661,4
1297,127,2,11.0,8,111,263,745,8.5,2104,60858,-
1330,129,2,11.0,6,77,214,654,10.0,1284,62962,-
1356,131,2,11.0,8,150,322,624,7.7,2576,64246,-
1410,142,2,11.0,4,67,250,591,13.4,1000,66822,-
1451,147,2,11.0,3,285,1124,492,14.1,3372,67822,-
1515,155,2,10.0,8,137,234,551,6.1,1872,71194,-
1538,157,2,10.0,3,269,983,428,13.1,2949,73066,-
1582,163,2,10.0,3,61,245,472,14.4,735,76015,-
1593,164,2,10.0,4,123,453,556,13.2,1812,76750,-
1618,167,2,10.0,6,168,526,750,11.2,3156,78562,-
1725,186,3,10.0,7,75,192,720,9.2,1344,81718,-
1809,194,3,10.0,4,273,970,606,12.7,3880,83062,-
1981,210,3,10.0,2,67,350,537,18.8,700,86942,-
2007,213,3,11.0,7,66,154,654,8.4,1078,87642,-
2049,215,3,11.0,5,196,628,624,11.5,3140,88720,-
2092,219,3,11.0,7,432,1128,683,9.3,7896,91860,-
2241,235,3,11.0,7,175,466,740,9.5,3262,99756,-
2292,239,3,11.0,4,305,892,519,10.5,3568,103018,-
2353,245,4,11.0,3,68,97,158,5.1,291,106586,-
2357,248,4,11.0,4,75,231,480,11.0,924,106877,-
2371,249,4,11.0,2,217,954,398,15.8,1908,107801,-
2405,253,4,11.0,4,65,208,553,11.5,832,109709,-
2437,256,4,11.0,4,229,797,550,12.5,3188,110541,-
2505,266,4,11.0,3,69,290,521,15.1,870,113729,-
2525,268,4,11.0,1,93,467,348,18.0,467,114599,-
2553,273,4,10.0,2,134,597,349,16.0,1194,115066,-
2569,276,4,10.0,2,65,310,443,17.1,620,116260,-
2583,278,4,10.0,6,83,274,737,11.8,1644,116880,-
2646,295,4,10.0,8,213,410,591,6.9,3280,118524,-
2709,304,5,11.0,5,80,180,405,8.1,900,121804,-
2745,311,5,11.0,7,67,204,859,10.9,1428,122704,-
2779,313,5,11.0,6,80,215,675,9.6,1290,124132,-
2797,314,5,11.0,6,122,372,708,10.9,2232,125422,-
20,1,0,7.0,4,93,360,658,13.9,1440,0,-
41,3,0,7.0,4,932,3894,610,15.0,15576,1440,4
247,28,0,7.0,6,129,415,781,11.5,2490,17016,-
293,31,0,7.0,2,97,466,482,17.2,932,19506,-
315,34,0,7.0,5,185,668,681,12.9,3340,20438,-
361,38,0,7.0,8,98,272,808,9.9,2176,23778,-
427,44,0,7.0,4,60,302,900,18.1,1208,25954,-
573,55,0,7.0,3,66,338,600,18.4,1014,27162,-
591,59,0,7.0,6,97,327,779,12.1,1962,28176,-
663,68,1,7.0,15,198,352,1000,6.3,5280,30138,-
731,72,1,7.0,21,89,165,1456,6.6,3465,35418,-
840,78,1,7.0,5,331,1169,652,12.7,5845,38883,-
947,90,1,7.996226415094339,4,528,1801,606,12.2,7204,44728,-
1051,100,1,8.0,4,132,471,600,12.8,1884,51932,-
1079,103,1,8.0,6,158,463,706,10.5,2778,53816,-
1113,109,1,8.0,6,80,264,810,11.8,1584,56594,-
1135,110,1,8.0,8,198,438,709,7.9,3504,58178,-
1184,116,1,8.0,5,213,677,625,11.4,3385,61682,-
1226,119,1,8.820224719101123,5,87,353,786,14.6,1765,65067,-
1248,122,2,9.0,7,312,634,553,7.3,4438,66832,-
1304,127,2,9.0,7,260,692,720,9.5,4844,71270,-
1361,132,2,9.0,7,85,253,847,10.7,1771,76114,-
1389,134,2,9.0,8,175,449,740,9.2,3592,77885,-
1427,137,2,9.0,5,181,560,616,11.1,2800,81477,-
1464,141,2,9.0,5,82,308,702,13.5,1540,84277,-
1496,146,2,9.0,2,85,462,508,19.5,924,85817,-
1521,149,2,9.0,3,181,732,437,14.5,2196,86741,-
1558,153,2,9.838235294117647,2,66,267,436,14.5,534,88937,-
1620,168,2,10.0,4,219,822,542,13.5,3288,89471,-
1664,172,2,10.0,12,172,250,627,5.2,3000,92759,-
1699,175,2,10.0,11,184,351,782,6.8,3861,95759,-
1744,178,2,10.0,12,68,130,847,6.8,1560,99620,-
1765,180,3,10.040816326530612,5,244,697,545,10.2,3485,101180,-
1913,198,3,11.0,6,137,347,578,9.1,2082,104665,-
1997,206,3,11.0,14,91,150,830,5.9,2100,106747,-
2067,211,3,11.0,4,68,199,476,10.5,796,108847,-
2137,226,3,13.0,6,74,231,778,11.2,1386,109643,-
2761,336,5,16.26388888888889,4,71,307,659,15.5,1228,111029,-
2945,356,5,17.0,8,70,160,668,8.2,1280,112257,-
2990,360,6,17.0,3,60,258,540,15.4,774,113537,-
3031,370,6,17.0,8,107,280,807,9.4,2240,114311,-
3144,382,6,17.0,0,61,458,236,27.0,0,116551,-
3326,406,6,18.0,0,65,420,110,23.2,0,116551,-
3330,407,6,18.0,1,97,578,296,21.4,578,116551,-
3385,421,7,18.0,1,70,445,411,22.8,445,117129,-
3781,465,7,19.0,2,68,334,423,17.6,668,117574,-
3879,477,7,19.0,2,74,386,535,18.7,772,118242,-
4011,491,8,19.0,2,72,350,500,17.5,700,119014,-
4063,498,8,19.0,15,90,152,960,6.0,2280,119714,-
4093,500,8,19.0,7,499,830,425,5.9,5810,121994,-
4187,510,8,19.0,6,460,1165,563,9.1,6990,127804,-
4272,517,8,18.03472222222222,6,143,399,629,10.0,2394,134794,-
4321,523,8,18.0,5,154,422,514,9.8,2110,137188,-
4374,532,8,18.0,7,61,208,885,12.2,1456,139298,-
4392,533,8,18.0,6,106,288,611,9.7,1728,140754,-
4532,549,9,19.0,3,107,337,437,11.3,1011,142482,-
4585,553,9,19.0,6,69,199,678,10.3,1194,143493,-
4606,558,9,19.0,5,103,284,524,9.9,1420,144687,-
4684,597,9,18.0,4,113,363,509,11.5,1452,146107,-
4713,599,9,18.0,6,124,370,667,10.7,2220,147559,-
4747,602,10,18.0,3,277,959,493,12.4,2877,149779,-
4808,608,10,17.0,5,155,411,557,9.5,2055,152656,-
4852,612,10,17.0,11,71,116,659,5.8,1276,154711,-
4979,629,10,17.0,7,331,766,619,8.3,5362,155987,-
5049,636,10,17.0,2,60,288,360,17.2,576,161349,-
5092,645,10,15.0,2,66,287,436,15.6,574,161925,-
5124,655,10,15.0,8,104,249,692,8.6,1992,162499,-
5150,657,10,15.0,5,76,239,615,11.3,1195,164491,-
5175,660,11,15.0,3,62,320,580,18.5,960,165686,-
5207,665,11,15.0,9,98,203,697,7.4,1827,166646,-
5230,667,11,15.0,13,60,106,840,6.3,1378,168473,-
5265,669,11,15.0,3,106,367,475,12.4,1101,169851,-
5281,671,11,15.0,7,107,273,672,9.1,1911,170952,-
5307,676,11,15.0,13,92,183,978,7.1,2379,172863,-
5342,678,11,15.0,5,68,246,688,13.0,1230,175242,-
5356,679,11,15.0,11,76,163,852,7.7,1793,176472,-
5407,684,11,15.0,7,102,283,705,9.9,1981,178265,-
5553,700,11,14.0,2,102,416,352,14.6,832,180246,-
5728,727,12,14.0,6,65,149,553,8.2,894,181078,-
5742,728,12,13.931034482758621,3,86,377,502,15.7,1131,181972,-
5906,743,12,13.0,6,124,333,580,9.6,1998,183103,-
6097,764,12,12.0,7,169,420,639,8.9,2940,185101,-
6177,770,12,12.0,6,64,161,618,9.0,966,188041,-
6191,771,12,12.0,6,160,416,630,9.3,2496,189007,-
6238,775,12,12.0,3,477,1743,475,13.1,5229,191503,-
6315,783,13,12.0,2,215,879,385,14.7,1758,196732,-
6399,799,13,10.0,11,63,140,914,8.0,1540,198490,-
6464,803,13,10.0,2,60,314,480,18.8,628,200030,-
14,2,0,8.0,6,651,1774,647,9.8,10644,0,4
134,14,0,8.0,3,122,506,472,14.9,1518,10644,-
151,16,0,8.0,4,106,387,577,13.1,1548,12162,-
174,18,0,8.0,6,243,710,711,10.5,4260,13710,-
245,25,0,8.0,6,65,239,830,13.2,1434,17970,-
290,29,0,8.0,2,116,586,372,18.1,1172,19404,-
408,46,0,8.0,2,100,437,468,15.7,874,20576,-
452,50,0,8.0,5,106,400,747,13.5,2000,21450,-
159,21,0,13.0,3,223,803,435,12.9,2409,0,-
345,38,0,14.0,3,126,510,485,14.5,1530,2409,-
367,41,0,14.0,3,63,354,685,20.2,1062,3939,-
414,44,0,14.0,6,125,434,806,12.4,2604,5001,-
463,49,0,14.0,5,91,289,632,11.4,1445,7605,-
555,59,0,14.952380952380953,7,605,1205,565,7.1,8435,9050,4
647,70,1,15.0,2,178,898,505,18.1,1796,17485,-
685,74,1,15.0,3,205,969,579,17.0,2907,19281,-
763,87,1,15.0,4,117,410,584,12.6,1640,22188,-
788,90,1,15.0,3,258,809,446,11.2,2427,23828,-
840,96,1,15.0,3,72,391,600,19.5,1173,26255,-
855,98,1,15.0,3,378,1491,514,14.2,4473,27428,-
931,107,1,15.0,4,66,291,763,15.8,1164,31901,-
946,108,1,15.0,4,95,353,644,13.3,1412,33065,-
977,116,1,15.359712230215827,8,327,816,726,8.9,6528,34477,-
1044,122,2,16.0,4,139,536,621,13.8,2144,41005,-
1077,126,2,16.0,7,86,256,795,10.7,1792,43149,-
1098,127,2,16.0,5,119,384,665,11.6,1920,44941,-
1138,147,2,16.0,1,83,546,303,23.6,546,46861,-
1166,151,2,17.0,5,80,328,765,14.7,1640,47407,-
1237,162,2,17.0,6,75,209,672,10.0,1254,49047,-
1257,164,2,17.0,6,441,1336,661,10.9,8016,50301,4
1382,179,2,18.387096774193548,4,123,394,556,11.5,1576,58317,-
1404,182,3,19.0,5,347,1030,632,10.6,5150,59893,-
1470,188,3,19.0,2,90,446,520,17.8,892,65043,-
1490,190,3,19.0,3,76,306,568,14.4,918,65935,-
1504,192,3,19.0,2,106,529,475,17.9,1058,66853,-
1521,194,3,19.0,3,60,330,600,19.8,990,67911,-
1566,200,3,19.0,2,66,337,490,18.3,674,68901,-
1591,203,3,19.0,2,166,692,433,15.0,1384,69575,-
1639,210,3,18.0,1,92,245,117,9.5,245,70959,-
1656,213,3,18.0,5,153,472,564,11.1,2360,71204,-
1682,216,3,18.0,3,139,520,414,13.4,1560,73564,-
1704,220,3,18.0,8,181,431,696,8.5,3448,75124,-
1743,224,3,18.0,7,142,381,684,9.6,2667,78572,-
1774,227,3,18.0,3,217,761,447,12.6,2283,81239,-
1811,233,3,18.0,6,219,465,460,7.6,2790,83522,-
1842,237,3,18.0,4,494,1557,539,11.3,6228,86312,-
1927,246,4,18.0,2,209,915,378,15.7,1830,92540,-
1974,251,4,18.0,3,349,1039,381,10.7,3117,94370,-
2027,259,4,18.0,1,62,408,406,23.6,408,97487,-
2038,264,4,18.0,3,148,570,510,13.8,1710,97895,-
2066,269,4,18.82,4,107,369,571,12.4,1476,99605,-
2086,271,4,19.0,5,534,1279,451,8.6,6395,101081,-
2198,293,4,19.0,7,539,1196,574,7.9,8372,107476,4
2292,305,5,19.0,7,191,489,659,9.2,3423,115848,-
2343,312,5,19.0,7,196,308,422,5.6,2156,119271,-
2369,316,5,19.0,3,96,383,450,14.3,1149,121427,-
2391,335,5,19.0,8,412,732,533,6.3,5856,122576,-
2454,342,5,19.0,4,404,1187,436,10.5,4748,128432,-
2510,349,5,19.0,4,87,279,496,11.5,1116,133180,-
2522,351,5,19.0,2,64,247,393,13.8,494,134296,-
2531,353,5,19.0,3,69,255,417,13.3,765,134790,-
2549,357,5,19.0,1,84,372,300,15.9,372,135555,-
2571,364,6,19.0,2,170,269,127,5.6,538,135927,-
2593,372,6,20.0,5,371,882,475,8.5,4410,136465,-
2687,385,6,20.0,2,147,266,171,6.5,532,140875,-
2698,388,6,20.0,5,186,360,367,6.9,1800,141407,-
2720,391,6,20.0,2,115,402,375,12.5,804,143207,-
2741,395,6,20.0,5,261,704,537,9.7,3520,144011,-
2782,400,6,20.0,4,156,424,484,9.7,1696,147531,-
2809,404,6,20.0,6,263,648,533,8.8,3888,149227,-
2861,410,6,20.0,10,376,546,564,5.2,5460,153115,-
2912,416,6,20.0,8,331,662,641,7.2,5296,158575,-
2971,424,7,20.0,4,239,693,512,10.4,2772,163871,-
3005,428,7,20.0,4,256,725,421,10.1,2900,166643,-
3041,435,7,20.0,4,107,396,571,13.3,1584,169543,-
3079,443,7,20.0,7,96,264,750,9.9,1848,171127,-
3139,461,7,21.0,6,238,613,635,9.2,3678,172975,-
3246,474,7,21.0,4,137,344,394,9.0,1376,176653,-
3288,479,7,21.0,3,137,536,525,14.0,1608,178029,-
3340,488,8,20.0,5,225,762,672,12.1,3810,179637,-
3414,495,8,20.0,3,267,745,323,10.0,2235,183447,-
3465,503,8,20.0,2,106,451,373,15.3,902,185682,-
3482,504,8,20.0,1,77,406,280,18.9,406,186584,-
3559,517,8,19.772727272727273,2,64,314,450,17.6,628,186990,-
3598,523,8,19.0,1,110,347,196,11.3,347,187618,-
3659,534,8,19.0,3,85,337,508,14.2,1011,187965,-
3698,544,9,19.0,3,79,315,501,14.3,945,188976,-
3738,548,9,18.032608695652176,4,183,581,570,11.4,2324,189921,-
3771,551,9,18.0,3,70,278,565,14.2,834,192245,-
3786,552,9,18.0,3,147,481,465,11.7,1443,193079,-
3812,555,9,18.0,3,167,617,474,13.3,1851,194522,-
3834,558,9,18.0,6,220,589,589,9.6,3534,196373,-
3892,567,9,18.0,6,66,196,709,10.6,1176,199907,-
3916,570,9,18.0,0,192,646,112,12.1,0,201083,-
3933,574,9,18.0,1,91,449,276,17.7,449,201083,-
3979,581,9,18.0,3,350,716,236,7.3,2148,201532,-
4007,588,9,18.0,3,264,884,436,12.0,2652,203680,-
4047,593,9,18.0,2,118,468,366,14.2,936,206332,-
4078,597,9,18.0,3,252,615,314,8.7,1845,207268,-
4111,604,10,18.0,4,114,373,473,11.7,1492,209113,-
4138,613,10,15.0,2,60,295,480,17.7,590,210605,-
4152,616,10,15.0,2,115,236,219,7.3,472,211195,-
4173,621,10,15.0,3,99,494,545,17.9,1482,211667,-
4194,623,10,15.0,3,99,371,509,13.4,1113,213149,-
4254,630,10,15.0,1,100,400,252,14.4,400,214262,-
4266,632,10,15.0,3,680,2136,423,11.3,6408,214662,-
4354,643,10,15.0,3,254,843,396,11.9,2529,221070,-
4430,658,10,15.0,3,87,313,455,12.9,939,223599,-
4446,660,11,15.0,4,69,236,573,12.3,944,224538,-
4473,665,11,15.0,4,252,796,514,11.3,3184,225482,-
4557,705,11,15.0,6,194,461,538,8.5,2766,228666,-
4589,708,11,15.0,5,91,242,553,9.5,1210,231432,-
4607,711,11,15.0,12,63,163,1142,9.3,1956,232642,-
4623,712,11,15.0,5,361,1070,588,10.6,5350,234598,-
4685,719,11,15.0,7,1168,2286,527,7.0,16002,239948,3
4854,739,12,15.0,2,86,355,376,14.8,710,255950,-
4866,741,12,15.0,5,164,344,439,7.5,1720,256660,-
4895,746,12,15.0,8,65,191,886,10.5,1528,258380,-
4908,747,12,15.0,3,125,359,403,10.3,1077,259908,-
4929,756,12,15.0,8,328,599,537,6.5,4792,260985,-
4999,764,12,15.0,7,136,349,661,9.2,2443,265777,-
5037,768,12,15.0,4,87,307,579,12.7,1228,268220,-
5052,769,12,15.0,3,77,327,467,15.2,981,269448,-
5065,772,12,15.0,8,297,498,496,6.0,3984,270429,-
5102,777,12,15.0,7,159,333,566,7.5,2331,274413,-
5126,780,13,15.0,6,258,714,600,9.9,4284,276744,-
5177,786,13,15.0,4,67,252,591,13.5,1008,281028,-
5189,788,13,13.143187066974596,4,1111,2941,395,9.5,11764,282036,4
5318,807,13,12.0,4,77,234,467,10.9,936,293800,-
5348,812,13,12.0,3,120,564,600,16.9,1692,294736,-
5391,819,13,12.0,3,146,240,197,5.9,720,296428,-
5435,828,13,12.0,6,74,253,778,12.3,1518,297148,-
5460,831,13,12.0,2,175,712,432,14.6,1424,298666,-
5536,842,14,12.0,8,96,234,712,8.7,1872,300090,-
5556,844,14,12.0,5,239,732,647,11.0,3660,301962,-
5638,861,14,12.0,1,67,313,268,16.8,313,305622,-
5643,862,14,12.0,7,173,372,561,7.7,2604,305935,-
5670,865,14,12.0,10,355,626,649,6.3,6260,308539,-
6,1,0,11.0,2,99,416,436,15.1,832,0,-
30,5,0,11.0,2,72,378,500,18.9,756,832,-
99,14,0,11.0,2,73,345,443,17.0,690,1588,-
116,16,0,11.0,4,80,390,720,17.5,1560,2278,-
141,19,0,11.0,4,123,450,585,13.1,1800,3838,-
253,32,0,12.0,4,150,550,624,13.2,2200,5638,-
289,36,0,12.0,2,127,554,396,15.7,1108,7838,-
334,42,0,12.0,5,178,504,546,10.1,2520,8946,-
368,47,0,12.0,4,153,285,329,6.7,1140,11466,-
626,88,1,13.0,4,61,203,590,11.9,812,12606,-
739,99,1,13.0,3,86,326,502,13.6,978,13418,-
761,102,1,13.0,1,74,398,340,19.3,398,14396,-
804,109,1,13.0,3,77,288,467,13.4,864,14794,-
815,111,1,13.0,1,64,286,281,16.0,286,15658,-
904,131,2,14.0,3,70,148,257,7.6,444,15944,-
1015,146,2,14.0,1,76,514,331,24.3,514,16388,-
1177,176,2,14.0,1,106,647,237,21.9,647,16902,-
1216,182,3,14.49056603773585,1,73,367,345,18.0,367,17549,-
1377,206,3,15.0,1,123,731,380,21.3,731,17916,-
1473,224,3,15.0,2,178,582,303,11.7,1164,18647,-
1494,227,3,15.0,2,155,711,394,16.5,1422,19811,-
1546,235,3,15.0,1,171,471,168,9.9,471,21233,-
1639,255,4,14.0,2,64,297,393,16.7,594,21704,-
1743,269,4,14.0,2,104,492,415,17.0,984,22298,-
1816,342,5,15.0,2,87,242,206,10.0,484,23282,-
1829,344,5,15.0,4,89,342,566,13.8,1368,23766,-
1850,348,5,15.0,2,76,317,426,15.0,634,25134,-
1860,350,5,15.0,3,67,194,322,10.4,582,25768,-
1906,361,6,15.0,2,109,514,396,16.9,1028,26350,-
1919,363,6,15.851851851851851,2,130,420,304,11.6,840,27378,-
1971,375,6,16.0,2,66,371,490,20.2,742,28218,-
1998,378,6,16.0,1,68,294,264,15.5,294,28960,-
2007,380,6,16.0,2,84,446,471,19.1,892,29254,-
2021,382,6,16.0,2,154,714,397,16.6,1428,30146,-
2142,400,6,15.0,0,79,409,182,18.6,0,31574,-
2156,404,6,15.0,0,60,328,120,19.6,0,31574,-
2161,405,6,15.0,2,75,304,336,14.5,608,31574,-
2175,409,6,15.0,1,98,285,183,10.4,285,32182,-
2417,466,7,15.0,2,97,427,408,15.8,854,32467,-
2469,478,7,15.0,0,125,940,28,27.0,0,33321,-
2481,481,8,15.0,1,93,163,77,6.3,163,33321,-
2563,506,8,15.0,0,106,398,101,13.5,0,33484,-
2567,507,8,15.0,4,62,124,290,7.2,496,33484,-
2605,514,8,14.0,3,190,292,189,5.5,876,33980,-
2621,518,8,14.0,2,180,638,340,12.7,1276,34856,-
2654,522,8,14.0,1,62,359,348,20.8,359,36132,-
2666,524,8,14.0,1,67,392,214,21.0,392,36491,-
2679,526,8,14.0,4,80,249,495,11.2,996,36883,-
2695,528,8,14.0,4,65,290,664,16.0,1160,37879,-
2744,537,8,14.0,3,120,368,420,11.0,1104,39039,-
2774,541,9,14.16842105263158,1,117,606,215,18.6,606,40143,-
2803,551,9,15.0,3,145,543,446,13.4,1629,40749,-
2840,560,9,15.0,2,87,358,413,14.8,716,42378,-
2865,563,9,15.0,2,114,464,347,14.6,928,43094,-
2882,566,9,14.993589743589743,4,480,884,285,6.6,3536,44022,-
2928,576,9,14.0,3,71,160,304,8.1,480,47558,-
2940,579,9,14.0,3,115,438,532,13.7,1314,48038,-
2985,586,9,14.0,1,111,409,194,13.2,409,49352,-
2992,589,9,14.0,4,442,1166,439,9.4,4664,49761,-
3050,596,9,14.0,2,138,495,365,12.9,990,54425,-
3103,609,10,14.0,4,109,488,660,16.1,1952,55415,-
3126,611,10,14.0,4,172,535,481,11.1,2140,57367,-
3160,615,10,14.0,2,96,454,450,17.0,908,59507,-
3199,623,10,14.0,3,121,492,565,14.6,1476,60415,-
3241,630,10,14.0,1,73,459,394,22.6,459,61891,-
3298,639,10,14.0,5,123,286,497,8.3,1430,62350,-
3322,642,10,14.0,5,66,220,709,12.0,1100,63780,-
3335,643,10,14.0,3,66,253,436,13.8,759,64880,-
3354,647,10,14.0,5,102,343,635,12.1,1715,65639,-
3378,648,10,14.0,3,207,620,400,10.7,1860,67354,-
3430,656,10,14.0,6,266,564,487,7.6,3384,69214,-
3469,661,11,14.0,5,79,179,410,8.1,895,72598,-
3525,672,11,13.0,10,155,248,580,5.7,2480,73493,-
3547,675,11,13.0,6,65,115,387,6.3,690,75973,-
3555,676,11,13.0,4,68,223,529,11.8,892,76663,-
3573,678,11,13.0,4,175,508,514,10.4,2032,77555,-
3610,683,11,13.0,3,197,583,347,10.6,1749,79587,-
3645,690,11,13.0,5,64,242,731,13.6,1210,81336,-
3702,695,11,13.0,3,126,303,314,8.6,909,82546,-
3763,704,11,13.0,2,69,292,417,15.2,584,83455,-
3791,709,11,13.0,1,65,309,276,17.1,309,84039,-
3804,711,11,13.0,3,124,380,377,11.0,1140,84348,-
3825,716,11,13.0,6,174,427,558,8.8,2562,85488,-
3901,726,12,13.0,5,60,116,360,6.9,580,88050,-
3910,727,12,13.0,3,166,552,477,11.9,1656,88630,-
3941,731,12,13.0,5,67,143,429,7.6,715,90286,-
18,3,0,16.0,2,94,370,306,14.1,740,0,-
41,7,0,16.0,2,71,381,557,19.3,762,740,-
94,16,0,16.0,3,71,233,354,11.8,699,1502,-
154,21,0,16.0,4,98,474,697,17.4,1896,2201,-
215,29,0,16.708333333333332,4,65,335,830,18.5,1340,4097,-
231,31,0,17.0,5,108,315,566,10.5,1575,5437,-
295,37,0,17.0,4,79,457,911,20.8,1828,7012,-
350,42,0,17.0,2,64,166,225,9.3,332,8840,-
367,44,0,17.0,2,103,544,454,19.0,1088,9172,-
382,46,0,17.0,3,73,382,690,18.8,1146,10260,-
499,59,0,17.0,3,148,611,535,14.8,1833,11406,-
542,64,1,17.0,2,78,417,415,19.2,834,13239,-
558,66,1,17.0,1,111,613,356,19.8,613,14073,-
577,69,1,17.0,3,60,272,600,16.3,816,14686,-
56,12,0,20.0,2,104,586,588,20.2,1172,0,-
148,24,0,20.0,4,64,244,675,13.7,976,1172,-
237,35,0,20.0,1,86,525,418,21.9,525,2148,-
409,58,0,20.0,0,70,393,102,20.2,0,2673,-
411,59,0,19.75438596491228,1,75,416,288,19.9,416,2673,-
9,3,0,22.0,2,99,513,400,18.6,1026,0,-
108,16,0,22.0,3,81,364,533,16.1,1092,1026,-
249,39,0,22.0,1,119,629,302,19.0,629,2118,-
260,41,0,22.0,2,90,446,360,17.8,892,2747,-
352,113,1,23.0,3,77,347,514,16.2,1041,3639,-
390,119,1,23.0,2,75,373,528,17.9,746,4680,-
405,121,2,23.0,3,66,305,545,16.6,915,5426,-
678,160,2,25.0,1,78,381,323,17.5,381,6341,-
810,178,2,25.0,1,83,207,173,8.9,207,6722,-
841,184,3,25.0,3,66,281,490,15.3,843,6929,-
6,6,0,26.0,3,111,239,291,7.7,717,0,-
76,16,0,26.0,5,90,170,400,6.8,850,717,-
85,18,0,26.0,1,68,334,211,17.6,334,1567,-
118,23,0,26.0,1,134,690,295,18.5,690,1901,-
135,26,0,26.0,2,81,289,266,12.8,578,2591,-
154,29,0,26.0,0,66,424,218,23.1,0,3169,-
228,44,0,26.0,2,137,290,183,7.6,580,3169,-
278,51,0,26.0,3,60,264,540,15.8,792,3749,-
309,55,0,26.0,4,157,581,573,13.3,2324,4541,-
385,64,1,26.0,3,74,328,583,15.9,984,6865,-
406,67,1,26.0,3,77,339,607,15.8,1017,7849,-
428,69,1,26.0,2,73,395,394,19.4,790,8866,-
445,71,1,26.0,2,123,451,321,13.2,902,9656,-
480,78,1,26.0,1,121,323,119,9.6,323,10558,-
509,84,1,26.0,8,118,308,762,9.3,2464,10881,-
40,7,0,12.0,1,61,340,354,20.0,340,0,-
145,21,0,12.0,3,210,900,531,15.4,2700,340,-
189,27,0,12.0,4,141,545,612,13.9,2180,3040,-
216,29,0,11.083333333333334,3,165,606,458,13.2,1818,5220,-
247,33,0,11.0,2,181,829,437,16.4,1658,7038,-
288,39,0,11.0,3,94,362,536,13.8,1086,8696,-
305,41,0,11.0,4,185,661,642,12.8,2644,9782,-
380,50,0,11.0,5,67,228,698,12.2,1140,12426,-
394,51,0,11.0,3,227,479,285,7.5,1437,13566,-
477,65,1,12.0,7,313,813,701,9.3,5691,15003,-
537,70,1,12.0,3,76,310,521,14.6,930,20694,-
557,73,1,12.0,3,80,326,450,14.6,978,21624,-
574,75,1,12.0,4,99,378,581,13.7,1512,22602,-
604,79,1,12.0,4,150,375,432,9.0,1500,24114,-
625,82,1,12.0,3,113,493,573,15.7,1479,25614,-
655,85,1,12.0,8,126,344,857,9.8,2752,27093,-
686,89,1,12.0,6,71,272,912,13.7,1632,29845,-
716,92,1,12.0,3,249,938,491,13.5,2814,31477,-
752,96,1,12.0,3,164,583,482,12.7,1749,34291,-
784,101,1,12.0,3,281,1030,461,13.1,3090,36040,-
838,107,1,12.0,2,60,298,360,17.8,596,39130,-
861,110,1,12.0,2,84,186,214,7.9,372,39726,-
895,118,1,12.0,1,76,428,378,20.2,428,40098,-
909,120,2,10.0,3,66,296,545,16.1,888,40526,-
930,126,2,10.0,2,86,348,418,14.5,696,41414,-
980,141,2,10.0,7,95,248,720,9.3,1736,42110,-
1029,147,2,10.0,1,95,517,303,19.5,517,43846,-
1042,149,2,10.0,2,285,1138,353,14.3,2276,44363,-
1082,156,2,10.0,3,109,356,396,11.7,1068,46639,-
1128,165,2,10.0,3,315,1057,400,12.0,3171,47707,-
1175,171,2,10.0,2,137,634,446,16.6,1268,50878,-
1233,179,2,10.0,2,137,488,367,12.8,976,52146,-
1268,186,3,10.0,4,116,419,527,13.0,1676,53122,-
1423,216,3,11.0,8,178,436,728,8.8,3488,54798,-
1620,245,4,12.0,2,82,238,307,10.4,476,58286,-
1645,249,4,12.0,4,99,406,690,14.7,1624,58762,-
1662,251,4,12.0,3,134,432,429,11.6,1296,60386,-
1695,256,4,12.0,2,63,233,342,13.3,466,61682,-
1732,264,4,12.0,4,62,119,290,6.9,476,62148,-
1742,266,4,12.0,1,120,181,90,5.4,181,62624,-
1766,306,5,12.0,5,150,439,600,10.5,2195,62805,-
1959,333,5,12.0,2,246,393,160,5.7,786,65000,-
1985,339,5,12.0,1,95,471,341,17.8,471,65786,-
2009,342,5,12.0,3,94,379,459,14.5,1137,66257,-
2035,345,5,12.0,3,80,281,495,12.6,843,67394,-
2049,346,5,12.0,7,495,1016,589,7.3,7112,68237,-
2127,356,5,12.0,1,102,223,141,7.8,223,75349,-
2173,365,6,11.0,3,164,649,460,14.2,1947,75572,-
2207,370,6,11.0,3,483,1479,335,11.0,4437,77519,-
2282,386,6,11.0,6,110,322,687,10.5,1932,81956,-
2305,390,6,11.0,5,132,429,600,11.7,2145,83888,-
2339,395,6,11.0,4,213,742,523,12.5,2968,86033,-
2381,400,6,11.0,4,170,636,550,13.4,2544,89001,-
2429,407,6,11.0,1,63,334,342,19.0,334,91545,-
2440,408,6,11.0,4,98,360,624,13.2,1440,91879,-
2463,411,6,11.0,4,78,300,600,13.8,1200,93319,-
2529,419,6,11.0,2,91,364,395,14.4,728,94519,-
2577,424,7,12.0,1,176,452,184,9.2,452,95247,-
2660,437,7,12.0,2,104,526,415,18.2,1052,95699,-
2686,439,7,12.0,4,80,197,360,8.8,788,96751,-
2783,504,8,12.0,1,83,138,86,5.9,138,97539,-
2858,523,8,12.0,5,302,855,548,10.1,4275,97677,-
3016,544,9,12.0,4,74,287,681,13.9,1148,101952,-
3032,545,9,12.0,3,156,577,415,13.3,1731,103100,-
3128,562,9,12.0,4,151,581,596,13.8,2324,104831,-
3210,576,9,12.548387096774194,2,69,201,313,10.4,402,107155,-
3310,587,9,13.0,4,115,357,500,11.1,1428,107557,-
3328,589,9,13.0,4,95,351,644,13.3,1404,108985,-
3388,598,9,13.0,2,114,417,284,13.1,834,110389,-
3720,694,11,13.0,5,79,177,410,8.0,885,111223,-
3840,713,11,13.0,2,103,570,559,19.9,1140,112108,-
3884,718,11,13.0,5,84,165,385,7.0,825,113248,-
4027,738,12,13.0,1,68,426,370,22.5,426,114073,-
4075,748,12,13.0,0,66,433,218,23.6,0,114499,-
4093,751,12,13.0,3,192,718,487,13.4,2154,114499,-
4236,770,12,13.0,1,159,864,271,19.5,864,116653,-
4280,779,12,13.0,1,69,392,313,20.4,392,117517,-
4624,834,13,13.0,2,61,143,236,8.4,286,117909,-
4634,835,13,13.0,3,67,110,214,5.9,330,118195,-
0,0,0,9.0,4,67,147,322,7.8,588,0,-
53,10,0,9.0,0,60,327,120,19.6,0,588,-
103,20,0,9.0,1,78,409,369,18.8,409,588,-
270,43,0,10.0,5,65,104,332,5.7,520,997,-
347,55,0,10.0,3,60,284,600,17.0,852,1517,-
374,59,0,10.46808510638298,2,85,298,338,12.6,596,2369,-
488,77,1,11.0,1,174,407,103,8.4,407,2965,-
497,80,1,11.0,1,80,369,180,16.6,369,3372,-
547,91,1,12.0,3,118,314,366,9.5,942,3741,-
570,95,1,12.0,1,203,1062,283,18.8,1062,4683,-
616,102,1,12.0,2,180,488,240,9.7,976,5745,-
675,111,1,12.0,3,483,1061,253,7.9,3183,6721,-
716,119,1,12.0,4,154,514,490,12.0,2056,9904,-
741,123,2,12.0,2,66,335,490,18.2,670,11960,-
763,126,2,12.0,5,126,415,628,11.8,2075,12630,-
786,129,2,12.0,5,76,224,568,10.6,1120,14705,-
821,135,2,12.0,3,239,846,497,12.7,2538,15825,-
862,140,2,12.0,10,70,204,1131,10.4,2040,18363,-
917,148,2,12.26086956521739,5,136,416,608,11.0,2080,20403,-
941,151,2,13.0,2,236,546,213,8.3,1092,22483,-
965,155,2,13.0,2,65,340,443,18.8,680,23575,-
975,157,2,13.0,4,70,287,668,14.7,1148,24255,-
991,159,2,13.0,3,145,578,496,14.3,1734,25403,-
1029,164,2,13.0,4,178,545,546,11.0,2180,27137,-
1087,170,2,13.0,3,108,469,533,15.6,1407,29317,-
1123,174,2,13.0,5,70,318,822,16.3,1590,30724,-
1143,177,2,13.0,2,101,480,427,17.1,960,32314,-
1176,184,3,14.0,6,115,349,720,10.9,2094,33274,-
1208,200,3,14.0,3,84,251,428,10.7,753,35368,-
1244,204,3,14.0,1,60,466,420,27.9,466,36121,-
1258,206,3,14.0,2,97,461,408,17.1,922,36587,-
1306,214,3,15.0,3,155,643,487,14.9,1929,37509,-
1347,220,3,15.0,2,93,471,503,18.2,942,39438,-
1373,224,3,15.0,3,115,469,563,14.6,1407,40380,-
1406,227,3,15.0,3,80,239,405,10.7,717,41787,-
1468,237,3,15.0,3,139,628,517,16.2,1884,42504,-
1505,241,4,16.0,2,70,375,565,19.2,750,44388,-
1518,242,4,16.0,1,76,380,331,18.0,380,45138,-
1559,251,4,16.0,4,76,342,710,16.2,1368,45518,-
1577,252,4,16.0,2,111,441,291,14.3,882,46886,-
1636,261,4,16.0,2,74,329,389,16.0,658,47768,-
1713,272,4,16.0,1,85,352,296,14.9,352,48426,-
1786,283,4,16.0,7,70,109,411,5.6,763,48778,-
1812,286,4,16.0,1,65,106,110,5.8,106,49541,-
1818,287,4,16.0,2,89,308,283,12.4,616,49647,-
1841,291,4,16.0,1,70,169,154,8.6,169,50263,-
1906,330,5,17.0,4,97,169,259,6.2,676,50432,-
1940,336,5,17.0,1,60,263,300,15.7,263,51108,-
1963,340,5,17.0,3,214,686,454,11.5,2058,51371,-
2009,346,5,17.0,2,163,716,463,15.8,1432,53429,-
2088,360,6,17.3,3,72,345,600,17.2,1035,54861,-
2122,363,6,18.0,4,90,350,640,13.9,1400,55896,-
2147,365,6,18.0,5,176,399,409,8.1,1995,57296,-
2168,368,6,18.0,9,89,237,889,9.5,2133,59291,-
2276,383,6,18.0,3,104,405,484,14.0,1215,61424,-
2302,387,6,18.0,3,98,403,477,14.8,1209,62639,-
2376,405,6,17.0,2,82,430,482,18.8,860,63848,-
2446,415,6,17.0,1,72,383,350,19.1,383,64708,-
2534,427,7,18.0,1,79,112,91,5.1,112,65091,-
2546,430,7,18.0,3,390,765,276,7.0,2295,65203,-
2591,436,7,18.0,5,135,314,453,8.3,1570,67498,-
2609,439,7,18.0,10,189,276,552,5.2,2760,69068,-
2670,449,7,18.0,4,174,361,331,7.4,1444,71828,-
2703,455,7,18.0,4,74,265,632,12.8,1060,73272,-
2721,458,7,18.0,2,139,475,284,12.3,950,74332,-
2783,468,7,18.0,1,120,382,210,11.4,382,75282,-
2801,471,7,18.0,2,137,578,315,15.1,1156,75664,-
2848,478,7,18.0,3,96,139,187,5.2,417,76820,-
2869,483,8,18.0,3,64,250,506,14.0,750,77237,-
2904,490,8,18.0,4,92,161,313,6.3,644,77987,-
11,2,0,18.0,10,139,204,569,5.2,2040,0,-
225,28,0,18.0,4,91,361,672,14.2,1444,2040,-
290,36,0,18.0,3,62,274,580,15.9,822,3484,-
317,41,0,18.0,3,160,749,517,16.8,2247,4306,-
532,66,1,18.0,2,105,590,445,20.2,1180,6553,-
575,72,1,18.0,2,105,304,274,10.4,608,7733,-
672,94,1,19.0,3,134,524,537,14.0,1572,8341,-
695,97,1,19.0,1,61,293,177,17.2,293,9913,-
710,99,1,19.0,4,64,237,562,13.3,948,10206,-
790,111,1,19.0,7,119,329,726,9.9,2303,11154,-
832,115,1,19.0,2,159,817,384,18.4,1634,13457,-
863,119,1,19.0,3,68,218,423,11.5,654,15091,-
951,131,2,19.0,1,197,1028,347,18.7,1028,15745,-
976,135,2,19.0,6,98,364,808,13.3,2184,16773,-
1152,160,2,18.0,2,192,373,150,6.9,746,18957,-
1184,171,2,18.0,3,112,223,225,7.1,669,19703,-
1219,177,2,19.0,2,356,1426,414,14.4,2852,20372,-
1291,186,3,19.0,3,68,345,582,18.2,1035,23224,-
1331,195,3,19.0,2,67,216,322,11.6,432,24259,-
1339,197,3,19.0,3,79,360,592,16.4,1080,24691,-
1361,200,3,19.0,1,62,354,406,20.5,354,25771,-
1377,202,3,19.0,2,90,430,400,17.2,860,26125,-
1455,210,3,19.0,1,211,600,136,10.2,600,26985,-
1480,215,3,19.0,3,69,388,678,20.2,1164,27585,-
1501,217,3,19.0,2,63,314,514,17.9,628,28749,-
1514,218,3,19.0,4,157,554,527,12.7,2216,29377,-
1648,240,4,17.0,2,81,302,355,13.4,604,31593,-
1669,243,4,17.0,3,134,438,456,11.7,1314,32197,-
1708,251,4,17.0,4,104,185,311,6.4,740,33511,-
1730,254,4,17.0,6,65,218,775,12.0,1308,34251,-
1755,260,4,17.0,2,102,485,458,17.1,970,35559,-
1880,276,4,17.0,5,248,744,595,10.8,3720,36529,-
1925,281,4,17.0,3,141,479,382,12.2,1437,40249,-
1959,287,4,17.0,3,65,307,664,17.0,921,41686,-
1991,292,4,17.0,4,94,363,651,13.9,1452,42607,-
2056,297,4,17.0,4,84,384,814,16.4,1536,44059,-
2094,300,5,17.0,3,101,415,534,14.7,1245,45595,-
2110,302,5,17.0,4,99,334,581,12.1,1336,46840,-
2168,310,5,17.0,5,320,947,618,10.6,4735,48176,-
2232,317,5,17.0,4,138,541,626,14.1,2164,52911,-
2277,321,5,17.0,4,87,316,579,13.0,1264,55075,-
2344,334,5,16.0,6,173,324,416,6.7,1944,56339,-
2366,337,5,16.0,4,185,675,603,13.1,2700,58283,-
2405,341,5,16.0,4,81,245,488,10.8,980,60983,-
2421,343,5,16.0,2,76,382,473,18.0,764,61963,-
2444,346,5,16.0,3,121,478,535,14.2,1434,62727,-
2484,353,5,16.0,4,69,142,313,7.4,568,64161,-
114,21,0,9.0,0,66,453,163,24.7,0,0,-
120,22,0,9.0,5,115,215,375,6.7,1075,0,-
139,28,0,9.0,2,98,176,146,6.4,352,1075,-
193,105,1,9.0,2,88,216,245,8.8,432,1427,-
227,110,1,9.0,5,231,785,623,12.2,3925,1859,-
306,119,1,9.0,4,104,421,692,14.5,1684,5784,-
355,124,2,9.0,4,81,365,666,16.2,1460,7468,-
377,126,2,9.0,11,107,289,1076,9.7,3179,8928,-
415,143,2,0.0,5,144,543,725,13.5,2715,12107,-
454,147,2,0.0,5,71,311,912,15.7,1555,14822,-
478,150,2,0.0,6,333,1019,681,11.0,6114,16377,-
545,156,2,0.0,6,121,300,535,8.9,1800,22491,-
566,158,2,0.0,8,111,310,875,10.0,2480,24291,-
591,161,2,0.0,7,273,715,698,9.4,5005,26771,-
645,165,2,6.17910447761194,4,655,2173,571,11.9,8692,31776,4
18,3,0,5.0,6,329,814,601,8.9,4884,0,-
71,9,0,5.0,6,614,914,369,5.3,5484,4884,-
133,19,0,5.0,3,301,678,310,8.1,2034,10368,-
185,29,0,4.149532710280374,10,256,645,928,9.0,6450,12402,-
257,35,0,4.0,5,133,449,649,12.1,2245,18852,-
314,40,0,4.0,2,65,309,387,17.1,618,21097,-
495,62,1,4.0,5,106,338,645,11.4,1690,21715,-
563,69,1,4.0,2,63,344,514,19.6,688,23405,-
16,2,0,4.0,5,451,898,391,7.1,4490,0,-
67,10,0,4.0,7,491,921,513,6.7,6447,4490,-
143,19,0,4.0,3,338,723,298,7.7,2169,10937,-
177,25,0,3.4698795180722892,6,385,1103,691,10.3,6618,13106,-
269,33,0,2.0,6,101,381,891,13.5,2286,19724,-
441,52,0,2.0,3,66,310,600,16.9,930,22010,-
501,57,0,2.0,4,65,277,664,15.3,1108,22940,-
16,3,0,0.0,2,109,281,264,9.2,562,0,-
26,5,0,0.0,6,1135,1708,358,5.4,10248,562,4
149,24,0,0.0,3,77,341,607,15.9,1023,10810,-
163,26,0,0.0,3,150,590,504,14.1,1770,11833,-
191,31,0,9.0,9,145,394,968,9.7,3546,13603,-
228,34,0,9.0,6,133,350,568,9.4,2100,17149,-
263,37,0,9.0,8,98,334,1028,12.2,2672,19249,-
309,42,0,9.0,2,176,485,245,9.9,970,21921,-
443,63,1,9.0,4,63,254,628,14.5,1016,22891,-
499,67,1,9.0,8,130,238,553,6.5,1904,23907,-
3,1,0,7.0,3,123,264,263,7.7,792,0,-
59,11,0,7.0,5,302,1015,607,12.0,5075,792,-
117,17,0,7.0,2,65,235,387,13.0,470,5867,-
145,21,0,7.0,5,287,891,652,11.1,4455,6337,-
264,40,0,7.0,4,263,915,602,12.5,3660,10792,-
319,45,0,7.0,1,118,303,122,9.2,303,14452,-
347,50,0,7.0,5,115,446,782,13.9,2230,14755,-
379,54,0,7.0,3,81,405,666,18.0,1215,16985,-
404,55,0,7.0,6,189,556,666,10.5,3336,18200,-
452,62,1,7.0,8,86,237,795,9.9,1896,21536,-
468,63,1,7.0,4,97,320,482,11.8,1280,23432,-
502,68,1,7.0,4,62,264,696,15.3,1056,24712,-
526,71,1,7.0,6,379,968,588,9.1,5808,25768,-
589,78,1,7.0,5,108,271,533,9.0,1355,31576,-
650,83,1,7.0,9,112,243,771,7.8,2187,32931,-
670,85,1,7.0,12,60,139,1080,8.3,1668,35118,-
683,86,1,6.37940379403794,4,805,2339,500,10.4,9356,36786,4
801,103,1,6.0,4,93,292,541,11.3,1168,46142,-
895,122,2,7.0,2,67,118,161,6.3,236,47310,-
932,127,2,7.0,6,191,427,508,8.0,2562,47546,-
991,135,2,7.0,1,63,388,285,22.1,388,50108,-
1033,138,2,7.0,1,114,346,157,10.9,346,50496,-
1054,142,2,7.0,1,146,637,295,15.7,637,50842,-
13,2,0,6.0,2,68,223,264,11.8,446,0,-
21,3,0,6.0,4,155,341,348,7.9,1364,446,-
40,6,0,6.0,7,554,1370,662,8.9,9590,1810,4
151,16,0,6.0,3,256,973,464,13.6,2919,11400,-
201,21,0,6.0,8,250,626,763,9.0,5008,14319,-
271,27,0,6.0,7,96,334,975,12.5,2338,19327,-
431,46,0,5.0,3,78,379,692,17.4,1137,21665,-
480,50,0,5.0,5,103,403,768,14.0,2015,22802,-
78,10,0,10.0,7,65,139,553,7.6,973,0,-
120,16,0,10.0,1,61,260,295,15.3,260,973,-
140,18,0,10.0,2,93,442,387,17.1,884,1233,-
151,20,0,9.964912280701755,6,622,1567,549,9.0,9402,2117,4
252,32,0,9.0,6,545,1493,640,9.8,8958,11519,4
350,42,0,9.0,3,160,398,270,8.9,1194,20477,-
404,51,0,9.0,3,143,555,478,13.9,1665,21671,-
431,53,0,9.0,5,109,420,792,13.8,2100,23336,-
489,62,1,9.0,3,196,383,275,7.0,1149,25436,-
534,70,1,9.0,3,125,522,547,15.0,1566,26585,-
562,73,1,9.0,5,108,326,600,10.8,1630,28151,-
580,75,1,9.0,3,116,444,496,13.7,1332,29781,-
598,77,1,9.0,2,113,487,414,15.5,974,31113,-
624,81,1,9.0,2,66,413,545,22.5,826,32087,-
639,83,1,9.0,4,135,486,640,12.9,1944,32913,-
720,92,1,9.0,2,91,374,395,14.7,748,34857,-
733,94,1,9.0,5,303,820,522,9.7,4100,35605,-
784,100,1,9.0,6,1218,2777,567,8.2,16662,39705,3
981,121,2,9.0,4,283,951,521,12.0,3804,56367,-
1090,149,2,9.0,11,585,859,603,5.2,9449,60171,4
1174,159,2,9.0,9,83,206,824,8.9,1854,69620,-
1200,161,2,9.0,4,90,320,560,12.7,1280,71474,-
1220,163,2,9.0,9,282,507,600,6.4,4563,72754,-
1272,169,2,9.0,4,228,648,505,10.2,2592,77317,-
62,8,0,12.0,3,106,465,611,15.7,1395,0,-
81,10,0,12.0,5,257,662,546,9.2,3310,1395,-
121,14,0,12.0,3,68,330,582,17.4,990,4705,-
157,18,0,12.0,6,292,845,653,10.4,5070,5695,-
224,26,0,12.0,3,63,333,685,19.0,999,10765,-
271,34,0,13.0,5,279,932,619,12.0,4660,11764,-
349,44,0,13.0,5,85,234,592,9.9,1170,16424,-
395,48,0,13.0,3,70,311,565,15.9,933,17594,-
423,50,0,13.0,7,114,285,631,8.9,1995,18527,-
453,56,0,13.0,6,66,219,763,11.9,1314,20522,-
469,57,0,13.0,5,81,288,666,12.7,1440,21836,-
533,65,1,14.0,6,426,1042,532,8.8,6252,23276,-
600,72,1,14.0,6,95,278,644,10.5,1668,29528,-
622,74,1,14.0,7,406,947,594,8.3,6629,31196,-
689,81,1,14.0,5,165,481,589,10.4,2405,37825,-
715,84,1,13.513207547169811,5,630,1649,491,9.4,8245,40230,4
805,98,1,13.0,5,101,292,605,10.4,1460,48475,-
833,101,1,13.0,1,66,417,436,22.7,417,49935,-
968,125,2,15.0,9,75,145,672,6.9,1305,50352,-
1075,140,2,15.0,1,208,596,173,10.3,596,51657,-
27,13,0,10.0,6,576,1470,593,9.1,8820,0,4
193,45,0,10.0,5,84,264,600,11.3,1320,8820,-
208,46,0,10.0,4,226,793,541,12.6,3172,10140,-
252,51,0,10.0,8,156,421,853,9.7,3368,13312,-
284,54,0,10.0,2,79,404,455,18.4,808,16680,-
307,57,0,10.0,6,82,249,658,10.9,1494,17488,-
346,61,1,10.0,7,115,314,782,9.8,2198,18982,-
376,63,1,10.0,4,65,247,664,13.6,988,21180,-
397,67,1,10.0,3,65,365,609,20.2,1095,22168,-
435,71,1,10.0,5,84,150,342,6.4,750,23263,-
451,74,1,10.0,6,201,549,626,9.8,3294,24013,-
500,81,1,10.0,6,209,558,671,9.6,3348,27307,-
543,87,1,10.0,2,193,533,261,9.9,1066,30655,-
632,102,1,10.0,2,78,333,369,15.3,666,31721,-
648,104,1,10.0,3,84,318,471,13.6,954,32387,-
757,118,1,10.38888888888889,4,137,364,446,9.5,1456,33341,-
795,124,2,11.0,3,152,525,450,12.4,1575,34797,-
815,126,2,11.0,5,73,212,591,10.4,1060,36372,-
838,130,2,11.0,2,94,461,459,17.6,922,37432,-
894,135,2,11.0,3,173,566,436,11.7,1698,38354,-
920,138,2,11.0,4,102,241,352,8.5,964,40052,-
984,148,2,11.0,5,350,827,452,8.5,4135,41016,-
1072,159,2,11.0,3,149,412,386,9.9,1236,45151,-
1109,164,2,11.0,2,65,315,387,17.4,630,46387,-
1159,172,2,11.0,3,155,231,185,5.3,693,47017,-
1172,176,2,11.0,6,91,209,553,8.2,1254,47710,-
1221,182,3,12.0,4,228,473,331,7.4,1892,48964,-
1251,186,3,12.0,2,74,323,340,15.7,646,50856,-
1286,191,3,12.0,4,237,676,470,10.2,2704,51502,-
1357,200,3,12.0,3,138,575,495,15.0,1725,54206,-
1391,206,3,12.0,6,145,424,670,10.5,2544,55931,-
1440,211,3,11.0,3,213,584,321,9.8,1752,58475,-
1460,214,3,11.0,1,75,395,336,18.9,395,60227,-
1572,239,3,11.0,3,87,242,331,10.0,726,60622,-
1628,245,4,11.0,3,67,283,483,15.2,849,61348,-
1661,249,4,11.0,3,84,155,257,6.6,465,62197,-
1672,251,4,11.0,4,195,503,443,9.2,2012,62662,-
1700,255,4,11.0,2,71,270,354,13.6,540,64674,-
1748,259,4,11.0,4,60,168,480,10.0,672,65214,-
33,3,0,11.0,1,105,723,411,24.7,723,0,-
49,5,0,11.0,4,71,321,709,16.2,1284,723,-
76,8,0,11.0,2,105,699,548,23.9,1398,2007,-
186,19,0,11.0,2,182,1050,593,20.7,2100,3405,-
262,26,0,11.0,4,128,563,675,15.8,2252,5505,-
292,29,0,10.627118644067796,3,100,419,504,15.0,1257,7757,-
425,42,0,10.0,4,60,332,840,19.9,1328,9014,-
441,43,0,10.0,2,67,317,483,17.0,634,10342,-
486,50,0,10.0,5,71,360,912,18.2,1800,10976,-
556,59,0,10.26595744680851,1,93,663,387,25.6,663,12776,-
580,60,1,11.0,1,85,531,338,22.4,531,13439,-
659,73,1,11.0,2,109,379,297,12.5,758,13970,-
689,76,1,11.0,5,184,597,684,11.6,2985,14728,-
728,80,1,11.0,4,202,765,552,13.6,3060,17713,-
760,83,1,11.0,4,105,351,582,12.0,1404,20773,-
794,86,1,11.0,5,238,749,635,11.3,3745,22177,-
854,92,1,11.0,3,157,428,321,9.8,1284,25922,-
913,101,1,11.0,4,142,329,354,8.3,1316,27206,-
944,108,1,11.0,3,86,381,627,15.9,1143,28522,-
961,110,1,11.0,4,367,1286,617,12.6,5144,29665,-
1026,119,1,11.0,4,202,678,534,12.0,2712,34809,-
1068,128,2,11.0,2,104,513,519,17.7,1026,37521,-
1087,131,2,11.0,2,133,585,378,15.8,1170,38547,-
1106,133,2,11.0,7,316,794,649,9.0,5558,39717,-
1183,143,2,11.0,9,622,1082,607,6.2,9738,45275,4
1286,154,2,11.0,6,73,207,641,10.2,1242,55013,-
1301,155,2,11.0,4,1015,2228,372,7.9,8912,56255,4
1410,173,2,11.0,1,86,241,125,10.0,241,65167,-
1592,212,3,11.0,1,63,391,285,22.3,391,65408,-
1605,214,3,11.0,3,78,388,600,17.9,1164,65799,-
1638,216,3,11.0,3,70,388,668,19.9,1164,66963,-
1733,228,3,11.0,4,198,707,618,12.8,2828,68127,-
1771,233,3,11.0,2,110,720,523,23.5,1440,70955,-
1796,237,3,11.0,7,550,1058,497,6.9,7406,72395,-
1875,246,4,11.0,4,98,343,624,12.6,1372,79801,-
1909,251,4,11.0,1,82,617,395,27.0,617,81173,-
1923,252,4,11.0,3,247,928,510,13.5,2784,81790,-
1985,283,4,11.0,3,239,723,406,10.8,2169,84574,-
2027,291,4,11.0,2,60,294,420,17.6,588,86743,-
2038,292,4,11.0,2,70,395,411,20.3,790,87331,-
2067,301,5,11.0,6,560,878,347,5.6,5268,88121,-
2138,313,5,11.0,4,89,334,566,13.5,1336,93389,-
2172,321,5,11.0,4,279,931,567,12.0,3724,94725,-
2231,328,5,11.0,1,98,601,330,22.0,601,98449,-
2247,331,5,11.0,4,126,451,600,12.8,1804,99050,-
2285,335,5,11.0,2,80,379,405,17.0,758,100854,-
2305,336,5,11.0,5,297,617,424,7.4,3085,101612,-
2349,353,5,14.0,5,157,499,664,11.4,2495,104697,-
2392,359,5,14.0,3,111,487,583,15.7,1461,107192,-
2422,363,6,14.0,5,549,1501,563,9.8,7505,108653,-
2522,372,6,14.0,8,73,187,739,9.2,1496,116158,-
2536,374,6,14.0,5,1162,2917,477,9.0,14585,117654,4
2702,396,6,14.0,6,99,282,618,10.2,1692,132239,-
2767,411,6,14.0,3,68,256,529,13.5,768,133931,-
2802,419,6,14.0,9,129,241,669,6.7,2169,134699,-
2823,425,7,14.0,6,72,145,450,7.2,870,136868,-
2884,437,7,14.0,0,68,131,52,6.9,0,137738,-
2887,438,7,14.0,1,77,343,280,16.0,343,137738,-
2904,442,7,14.0,5,72,139,350,6.9,695,138081,-
2917,445,7,14.0,2,102,278,211,9.8,556,138776,-
2947,450,7,14.0,4,92,252,430,9.8,1008,139332,-
5,1,0,3.0,7,499,1199,634,8.6,8393,0,4
118,13,0,3.0,9,347,710,695,7.3,6390,8393,-
197,22,0,3.0,8,454,824,547,6.5,6592,14783,-
279,32,0,3.0,8,342,795,705,8.3,6360,21375,-
363,41,0,3.0,8,402,805,617,7.2,6440,27735,-
436,50,0,3.0,8,400,793,612,7.1,6344,34175,-
503,58,0,3.7872340425531914,8,392,837,615,7.6,6696,40519,-
4,1,0,5.0,7,79,262,911,11.9,1834,0,-
58,5,0,5.0,4,132,488,600,13.3,1952,1834,-
87,8,0,5.0,6,121,379,743,11.2,2274,3786,-
115,10,0,5.0,4,517,1548,536,10.7,6192,6060,-
196,19,0,5.0,3,201,795,519,14.2,2385,12252,-
227,23,0,4.936073059360731,4,416,1493,631,12.9,5972,14637,-
304,30,0,3.0,4,579,1968,572,12.2,7872,20609,-
418,43,0,3.0,4,222,839,632,13.6,3356,28481,-
481,54,0,3.0,4,315,764,400,8.7,3056,31837,-
525,60,1,3.0,7,175,402,617,8.2,2814,34893,-
559,64,1,3.0,3,96,316,450,11.8,948,37707,-
617,74,1,3.0,3,325,1171,498,12.9,3513,38655,-
670,80,1,3.0,4,209,643,551,11.0,2572,42168,-
704,84,1,3.3655172413793104,3,583,2105,438,12.9,6315,44740,-
827,102,1,4.0,7,158,365,615,8.3,2555,51055,-
928,116,1,4.0,4,104,371,588,12.8,1484,53610,-
997,123,2,4.923076923076923,4,98,239,367,8.7,956,55094,-
1065,130,2,5.0,5,96,311,600,11.6,1555,56050,-
3,0,0,12.0,4,82,244,482,10.7,976,0,-
22,2,0,12.0,3,204,915,547,16.1,2745,976,-
79,7,0,12.0,4,65,271,609,15.0,1084,3721,-
118,11,0,12.0,7,97,250,705,9.2,1750,4805,-
140,13,0,12.0,6,311,887,717,10.2,5322,6555,-
377,38,0,11.0,3,214,1012,571,17.0,3036,11877,-
441,47,0,11.0,5,102,361,670,12.7,1805,14913,-
469,49,0,11.0,6,371,1013,659,9.8,6078,16718,-
534,55,0,11.0,4,177,572,569,11.6,2288,22796,-
562,58,0,10.69767441860465,4,155,286,301,6.6,1144,25084,-
579,62,1,10.0,2,119,538,363,16.2,1076,26228,-
592,64,1,10.0,1,168,725,278,15.5,725,27304,-
612,67,1,10.0,3,101,371,427,13.2,1113,28029,-
626,69,1,10.0,2,96,384,337,14.4,768,29142,-
665,76,1,10.0,2,483,1822,365,13.5,3644,29910,-
741,88,1,9.830508474576272,5,138,381,547,9.9,1905,33554,-
775,93,1,9.0,4,69,309,730,16.1,1236,35459,-
790,94,1,9.0,3,173,656,541,13.6,1968,36695,-
851,102,1,9.0,3,66,345,654,18.8,1035,38663,-
886,107,1,9.0,3,102,492,635,17.3,1476,39698,-
925,111,1,9.0,3,143,717,553,18.0,2151,41174,-
956,115,1,9.0,4,72,336,700,16.8,1344,43325,-
1016,125,2,11.0,3,102,481,600,16.9,1443,44669,-
1046,128,2,11.0,3,63,224,400,12.7,672,46112,-
1112,142,2,11.0,3,80,146,225,6.5,438,46784,-
1331,169,2,12.0,5,64,253,731,14.2,1265,47222,-
1343,170,2,12.0,5,106,345,611,11.7,1725,48487,-
3,0,0,15.0,6,94,286,727,10.9,1716,0,-
21,2,0,15.0,5,63,197,628,11.2,985,1716,-
66,5,0,15.0,6,80,251,765,11.2,1506,2701,-
83,7,0,15.0,6,148,431,656,10.4,2586,4207,-
113,10,0,15.0,5,470,1360,551,10.4,6800,6793,-
194,19,0,15.0,3,600,2195,522,13.1,6585,13593,-
302,29,0,15.0,5,650,1894,537,10.4,9470,20178,4
414,44,0,15.0,4,210,876,617,15.0,3504,29648,-
476,52,0,15.0,4,253,785,483,11.1,3140,33152,-
513,57,0,15.228571428571428,7,182,418,632,8.2,2926,36292,-
548,61,1,16.0,4,87,319,620,13.2,1276,39218,-
568,65,1,16.0,1,104,171,103,5.9,171,40494,-
610,71,1,16.0,4,212,720,560,12.2,2880,40665,-
650,74,1,16.0,4,153,491,564,11.5,1964,43545,-
680,77,1,16.0,8,68,204,952,10.7,1632,45509,-
695,78,1,16.0,2,291,968,358,11.9,1936,47141,-
735,83,1,16.0,4,245,590,352,8.6,2360,49077,-
762,87,1,16.0,2,215,890,435,14.9,1780,51437,-
821,96,1,16.0,7,323,617,490,6.8,4319,53217,-
948,111,1,16.0,10,324,629,700,6.9,6290,57536,-
1016,118,1,16.0,9,401,822,682,7.3,7398,63826,-
1127,132,2,17.0,2,101,546,499,19.4,1092,71224,-
1175,140,2,17.0,6,120,322,600,9.6,1932,72316,-
1208,144,2,17.0,8,62,179,870,10.3,1432,74248,-
1225,145,2,17.0,7,411,986,613,8.6,6902,75680,-
1300,152,2,17.0,6,171,522,694,10.9,3132,82582,-
1333,155,2,17.0,3,198,796,490,14.4,2388,85714,-
1361,158,2,17.0,5,236,739,625,11.2,3695,88102,-
1449,170,2,17.0,3,60,300,600,18.0,900,91797,-
1499,177,2,17.0,5,172,516,586,10.7,2580,92697,-
1585,185,3,17.0,0,79,412,182,18.7,0,95277,-
1620,190,3,17.955882352941178,9,490,809,543,5.9,7281,95277,-
1706,201,3,18.0,2,67,289,429,15.5,578,102558,-
1717,203,3,18.0,7,114,303,726,9.5,2121,103136,-
1747,208,3,18.0,8,551,1043,568,6.8,8344,105257,4
1,0,0,18.0,7,77,202,701,9.4,1414,0,-
15,1,0,18.0,5,91,156,356,6.1,780,1414,-
23,3,0,18.0,5,396,1241,600,11.2,6205,2194,-
108,11,0,18.0,5,223,751,613,12.1,3755,8399,-
161,15,0,18.0,6,691,1904,599,9.9,11424,12154,4
283,27,0,18.0,6,116,290,589,9.0,1740,23578,-
302,29,0,16.2,5,106,350,611,11.8,1750,25318,-
325,31,0,15.0,2,86,169,167,7.0,338,27068,-
343,38,0,15.0,11,117,216,738,6.6,2376,27406,-
54,8,0,21.0,2,60,91,120,5.4,182,0,-
70,10,0,21.0,3,66,101,218,5.5,303,182,-
149,20,0,21.0,2,66,360,490,19.6,720,485,-
168,23,0,21.0,2,103,220,174,7.6,440,1205,-
193,28,0,21.0,2,73,293,345,14.4,586,1645,-
232,31,0,21.0,4,107,385,538,12.9,1540,2231,-
261,34,0,21.0,10,138,352,991,9.1,3520,3771,-
307,40,0,21.0,4,578,1328,411,8.2,5312,7291,-
398,52,0,21.0,2,144,696,450,17.4,1392,12603,-
428,55,0,21.0,5,103,375,664,13.1,1875,13995,-
449,57,0,21.0,4,69,285,730,14.8,1140,15870,-
486,61,1,20.0,5,354,756,416,7.6,3780,17010,-
529,68,1,20.0,4,261,756,441,10.4,3024,20790,-
569,74,1,20.0,3,213,921,473,15.5,2763,23814,-
603,77,1,20.0,3,106,524,611,17.7,1572,26577,-
638,81,1,20.0,1,79,490,318,22.3,490,28149,-
715,96,1,20.0,4,66,295,763,16.0,1180,28639,-
730,97,1,20.0,7,113,315,764,10.0,2205,29819,-
756,99,1,20.0,3,100,236,324,8.4,708,32024,-
778,105,1,20.0,5,159,513,633,11.6,2565,32732,-
881,120,2,20.0,9,670,1034,548,5.5,9306,35297,4
969,131,2,20.0,7,142,408,811,10.3,2856,44603,-
1000,134,2,20.0,3,78,311,553,14.3,933,47459,-
1016,135,2,20.0,9,241,504,731,7.5,4536,48392,-
1064,140,2,20.0,4,245,809,528,11.8,3236,52928,-
154,21,0,12.0,2,72,386,400,19.3,772,0,-
244,30,0,13.0,2,100,590,612,21.2,1180,772,-
337,37,0,13.0,3,135,558,560,14.8,1674,1952,-
360,40,0,13.0,4,60,348,840,20.8,1392,3626,-
385,41,0,13.0,4,75,369,720,17.7,1476,5018,-
447,48,0,13.0,3,78,350,600,16.1,1050,6494,-
469,51,0,13.0,4,97,457,705,16.9,1828,7544,-
528,56,0,13.0,6,79,262,820,11.9,1572,9372,-
25,9,0,13.0,3,62,229,522,13.2,687,0,-
47,12,0,13.0,4,202,816,588,14.5,3264,687,-
93,17,0,13.0,2,66,364,545,19.8,728,3951,-
116,20,0,13.0,4,302,1137,572,13.5,4548,4679,-
168,25,0,13.0,1,69,462,313,24.1,462,9227,-
191,29,0,13.0,4,83,331,650,14.3,1324,9689,-
218,36,0,14.0,8,320,769,720,8.6,6152,11013,-
278,42,0,14.0,4,149,559,579,13.5,2236,17165,-
311,46,0,14.0,6,95,274,682,10.3,1644,19401,-
332,48,0,14.0,5,122,366,619,10.7,1830,21045,-
391,64,1,15.0,3,93,367,541,14.2,1101,22875,-
462,79,1,15.0,5,498,1370,549,9.9,6850,23976,-
550,89,1,15.0,3,120,181,180,5.4,543,30826,-
579,95,1,15.0,1,69,414,365,21.6,414,31369,-
587,96,1,15.0,5,127,290,453,8.2,1450,31783,-
603,99,1,15.0,5,382,1031,537,9.7,5155,33233,-
668,107,1,15.0,4,62,250,580,14.5,1000,38388,-
681,108,1,15.0,3,101,380,499,13.5,1140,39388,-
700,111,1,15.0,3,90,338,480,13.5,1014,40528,-
717,113,1,15.0,2,159,324,203,7.3,648,41542,-
727,116,1,15.0,1,96,541,375,20.2,541,42190,-
779,123,2,15.0,2,242,797,282,11.8,1594,42731,-
827,132,2,15.0,3,292,1054,468,12.9,3162,44325,-
873,138,2,15.0,8,114,237,663,7.4,1896,47487,-
894,140,2,15.0,6,63,194,742,11.0,1164,49383,-
913,141,2,15.0,6,148,380,583,9.2,2280,50547,-
939,144,2,15.0,3,288,855,375,10.6,2565,52827,-
978,149,2,15.0,5,261,581,413,8.0,2905,55392,-
1012,154,2,15.0,4,520,1519,519,10.5,6076,58297,-
1095,163,2,15.0,2,227,695,285,11.0,1390,64373,-
1140,170,2,15.0,3,266,929,487,12.5,2787,65763,-
1191,177,2,15.0,1,62,505,406,29.3,505,68550,-
1202,181,3,15.0,3,206,594,349,10.3,1782,69055,-
1232,187,3,15.0,5,137,440,578,11.5,2200,70837,-
1256,189,3,15.0,5,528,1224,449,8.3,6120,73037,-
1355,212,3,15.0,7,550,1196,569,7.8,8372,79157,4
1444,223,3,15.0,6,203,524,585,9.2,3144,87529,-
1501,256,4,15.0,5,113,279,446,8.8,1395,90673,-
1530,259,4,15.0,3,67,284,483,15.2,852,92068,-
1545,261,4,15.0,5,716,1911,532,9.6,9555,92920,4
1656,273,4,15.0,2,99,483,509,17.5,966,102475,-
1696,278,4,15.0,2,92,530,586,20.7,1060,103441,-
1724,285,4,15.0,5,450,1122,472,8.9,5610,104501,-
1819,299,4,15.0,5,167,385,495,8.2,1925,110111,-
1839,303,5,15.0,3,108,433,500,14.4,1299,112036,-
1862,307,5,15.0,5,272,743,516,9.8,3715,113335,-
1903,313,5,15.0,4,135,401,453,10.6,1604,117050,-
1927,316,5,15.0,6,242,640,580,9.5,3840,118654,-
2021,329,5,15.0,8,469,702,468,5.3,5616,122494,-
2081,339,5,15.0,4,232,693,496,10.7,2772,128110,-
2113,343,5,15.0,4,275,715,418,9.3,2860,130882,-
2147,349,5,15.0,6,71,189,608,9.5,1134,133742,-
2176,355,5,15.0,5,106,341,645,11.5,1705,134876,-
2227,372,6,15.0,5,266,749,568,10.1,3745,136581,-
2293,381,6,15.0,1,62,397,406,23.0,397,140326,-
2303,383,6,15.0,1,101,530,285,18.8,530,140723,-
2320,385,6,15.0,3,91,393,474,15.5,1179,141253,-
2344,388,6,15.0,1,76,420,236,19.8,420,142432,-
2351,390,6,15.0,2,189,795,361,15.1,1590,142852,-
2378,393,6,15.0,2,114,519,442,16.3,1038,144442,-
2441,405,6,15.0,3,80,322,450,14.4,966,145480,-
2469,408,6,15.0,2,277,1019,376,13.2,2038,146446,-
2538,418,6,15.0,2,69,318,469,16.5,636,148484,-
2612,429,7,15.0,3,169,380,319,8.0,1140,149120,-
2663,438,7,15.0,1,68,431,264,22.8,431,150260,-
2721,456,7,15.0,5,93,354,696,13.7,1770,150691,-
2758,460,7,15.0,6,196,505,587,9.2,3030,152461,-
2792,464,7,15.0,3,68,248,476,13.1,744,155491,-
2803,465,7,15.0,5,90,293,600,11.7,1465,156235,-
2829,468,7,15.0,4,485,1229,423,9.1,4916,157700,-
2946,488,8,15.0,1,85,452,338,19.1,452,162616,-
2989,494,8,15.0,3,348,921,310,9.5,2763,163068,-
3036,500,8,15.0,3,301,875,382,10.4,2625,165831,-
3100,509,8,15.0,4,109,344,561,11.3,1376,168456,-
3134,513,8,15.0,4,114,386,536,12.1,1544,169832,-
3191,538,8,15.0,3,105,400,411,13.7,1200,171376,-
3210,541,9,15.0,4,118,388,488,11.8,1552,172576,-
3247,546,9,15.0,3,88,324,450,13.2,972,174128,-
3264,549,9,15.0,3,876,2534,345,10.4,7602,175100,-
3359,563,9,15.0,3,278,881,388,11.4,2643,182702,-
3451,583,9,15.0,4,102,363,529,12.8,1452,185345,-
3492,588,9,15.0,4,344,950,429,9.9,3800,186797,-
3565,606,10,15.0,6,158,438,637,9.9,2628,190597,-
3591,608,10,15.0,5,191,405,452,7.6,2025,193225,-
3625,612,10,15.0,6,1697,3476,487,7.3,20856,195250,3
3849,641,10,15.0,2,75,324,336,15.5,648,216106,-
3858,643,10,15.0,6,111,294,583,9.5,1764,216754,-
3885,647,10,15.0,6,91,189,514,7.4,1134,218518,-
3900,649,10,15.0,4,91,338,553,13.3,1352,219652,-
3920,655,10,15.0,6,356,673,465,6.8,4038,221004,-
3981,663,11,15.0,6,175,343,432,7.0,2058,225042,-
4019,667,11,15.0,3,79,273,455,12.4,819,227100,-
4029,669,11,15.0,2,80,335,450,15.0,670,227919,-
4042,671,11,15.0,7,298,559,519,6.7,3913,228589,-
4085,677,11,15.0,7,151,297,548,7.0,2079,232502,-
4112,680,11,15.0,7,246,529,585,7.7,3703,234581,-
4177,687,11,15.0,2,67,367,537,19.7,734,238284,-
4188,688,11,15.0,2,88,432,450,17.6,864,239018,-
4203,689,11,15.0,4,769,2105,472,9.8,8420,239882,4
4307,708,11,15.0,4,98,246,404,9.0,984,248302,-
4335,713,11,15.0,4,138,431,495,11.2,1724,249286,-
4354,716,11,15.0,1,72,290,250,14.4,290,251010,-
4367,722,12,15.0,3,80,321,450,14.4,963,251300,-
4400,728,12,15.0,2,89,414,364,16.7,828,252263,-
4411,731,12,15.0,5,135,242,373,6.4,1210,253091,-
4436,735,12,15.0,2,343,884,209,9.2,1768,254301,-
4484,746,12,15.0,3,134,428,429,11.4,1284,256069,-
4501,748,12,15.0,4,648,1240,333,6.8,4960,257353,-
10,2,0,12.0,3,103,406,559,14.1,1218,0,-
41,6,0,12.0,4,72,281,600,14.0,1124,1218,-
55,9,0,12.0,3,70,317,565,16.3,951,2342,-
87,15,0,12.0,2,88,382,409,15.6,764,3293,-
128,26,0,12.0,4,290,512,273,6.3,2048,4057,-
230,41,0,12.0,3,351,523,205,5.3,1569,6105,-
278,50,0,12.0,3,80,309,450,13.9,927,7674,-
314,54,0,12.0,5,144,425,625,10.6,2125,8601,-
356,59,0,12.0,5,112,345,578,11.0,1725,10726,-
700,110,1,12.0,4,75,269,576,12.9,1076,12451,-
722,113,1,12.0,3,166,592,455,12.8,1776,13527,-
757,117,1,12.0,1,69,293,208,15.2,293,15303,-
789,123,2,12.0,1,60,99,60,5.9,99,15596,-
794,124,2,12.0,2,146,616,394,15.1,1232,15695,-
848,134,2,12.0,5,75,142,384,6.8,710,16927,-
0,0,0,15.0,5,777,1559,384,7.2,7795,0,-
86,13,0,15.0,1,77,164,140,7.6,164,7795,-
95,15,0,15.0,5,141,479,612,12.2,2395,7959,-
119,17,0,15.0,5,164,454,504,9.9,2270,10354,-
145,20,0,14.337931034482759,5,715,1841,548,9.2,9205,12624,4
253,32,0,12.0,5,191,509,565,9.5,2545,21829,-
284,35,0,12.0,2,86,387,460,16.2,774,24374,-
24,2,0,19.0,6,627,1763,654,10.1,10578,0,4
143,13,0,19.0,4,469,1750,575,13.4,7000,10578,-
222,21,0,19.0,11,65,179,1107,9.9,1969,17578,-
249,23,0,19.0,5,152,624,757,14.7,3120,19547,-
294,28,0,19.0,2,78,331,415,15.2,662,22667,-
362,39,0,18.0,6,61,157,590,9.2,942,23329,-
405,43,0,18.0,2,106,503,509,17.0,1006,24271,-
441,47,0,18.0,6,95,400,909,15.1,2400,25277,-
9,3,0,17.0,3,77,239,374,11.1,717,0,-
21,5,0,17.0,1,70,275,257,14.1,275,717,-
38,7,0,17.0,0,73,436,147,21.5,0,992,-
153,25,0,17.0,0,119,397,90,12.0,0,992,-
196,32,0,18.0,1,60,372,240,22.3,372,992,-
235,39,0,18.0,1,91,464,316,18.3,464,1364,-
249,41,0,18.0,2,66,298,327,16.2,596,1828,-
265,45,0,18.0,1,127,212,85,6.0,212,2424,-
272,48,0,18.0,2,93,463,387,17.9,926,2636,-
307,54,0,18.0,1,61,367,413,21.6,367,3562,-
369,61,1,19.0,1,102,351,211,12.3,351,3929,-
438,72,1,19.0,2,117,560,369,17.2,1120,4280,-
461,76,1,19.0,1,101,494,178,17.6,494,5400,-
480,80,1,19.0,2,121,506,416,15.0,1012,5894,-
498,83,1,19.0,2,61,326,472,19.2,652,6906,-
521,86,1,19.0,2,63,345,457,19.7,690,7558,-
552,89,1,18.418181818181818,1,64,364,393,20.4,364,8248,-
628,108,1,18.0,1,150,724,240,17.3,724,8612,-
666,115,1,18.0,2,84,403,471,17.2,806,9336,-
678,118,1,18.0,3,87,358,579,14.8,1074,10142,-
697,120,2,18.0,0,62,321,174,18.6,0,11216,-
704,121,2,18.0,2,140,660,385,16.9,1320,11216,-
733,127,2,18.0,1,81,445,222,19.7,445,12536,-
744,129,2,18.0,1,135,672,240,17.9,672,12981,-
765,133,2,18.0,2,127,577,368,16.3,1154,13653,-
809,141,2,18.0,3,103,291,314,10.1,873,14807,-
857,146,2,18.0,5,100,180,360,6.4,900,15680,-
897,211,3,19.0,5,156,367,507,8.4,1835,16580,-
968,221,3,19.0,3,90,381,520,15.2,1143,18415,-
986,223,3,19.0,3,121,511,565,15.2,1533,19558,-
1021,229,3,19.0,4,86,349,627,14.6,1396,21091,-
1052,234,3,19.0,3,106,518,543,17.5,1554,22487,-
1082,236,3,19.0,3,145,654,521,16.2,1962,24041,-
1193,251,4,19.0,2,63,355,514,20.2,710,26003,-
1219,257,4,19.0,1,75,422,384,20.2,422,26713,-
1251,262,4,19.014492753623188,1,67,481,376,25.8,481,27135,-
1320,270,4,20.0,3,69,170,313,8.8,510,27616,-
1463,299,4,20.0,2,91,510,435,20.1,1020,28126,-
1501,304,5,20.0,3,67,377,752,20.2,1131,29146,-
1699,348,5,19.0,1,69,385,365,20.0,385,30277,-
1723,351,5,19.0,0,89,602,121,24.3,0,30662,-
1764,359,5,20.0,0,83,512,173,22.2,0,30662,-
1875,380,6,20.0,3,77,195,327,9.1,585,30662,-
1970,395,6,20.0,3,108,161,166,5.3,483,31247,-
2032,405,6,20.0,2,132,203,163,5.5,406,31730,-
2040,408,6,20.0,1,80,331,270,14.8,331,32136,-
